Order Number,Company,Original Line Item,Product Name,Style Number,Garment Color,Size,Quantity,Review Reason
#1498,,Richardson Lite Wide Brim Hat 810 - Royal / OSFA,Richardson Lite Wide Brim Hat,810,Royal,OSFA,1,Vendor not assigned in Product Master; Decoration type not assigned in Product Master
#1498,,24/7 Original Tactical Pant Rip-Stop - Black / 54 / UH,24/7 Original Tactical Pant Rip-Stop - Black / 54,,,UH,6,Style number and garment color could not be determined; Missing style number; Missing garment color; Decoration color not assigned in Product Master
#1498,,Straw Hat,Straw Hat,,,,1,Style number and garment color could not be determined; Missing style number; Missing garment color; Decoration color not assigned in Product Master
#1499,Water - R&C,35001AI - Wrangler Rugged Wear Relaxed Fit Jean - Antique Indigo / 44 / 32,,35001AI,Wrangler Rugged Wear Relaxed Fit Jean - Antique Indigo / 44,32,10,Vendor not assigned in Product Master; Decoration type not assigned in Product Master
#1499,,CornerStone  ®  Select Lightweight Snag-Proof Enhanced Visibility Polo CS423 - Safety Yellow/ Black / 3XL,CornerStone ® Select Lightweight Snag-Proof Enhanced Visibility Polo,CS423,Safety Yellow/ Black,3XL,4,Vendor not assigned in Product Master; Decoration type not assigned in Product Master
#1499,,Port Authority ®  Knit Cap.  CP90 - Neon Orange / OSFA,Port Authority ® Knit Cap,CP90,Neon Orange,OSFA,2,Vendor not assigned in Product Master; Decoration type not assigned in Product Master
#1500,Water Quality- R/C,Port Authority ®  Double Mesh Snapback Sandwich Bill Cap. C818 - Black/ Silver / OSFA,Port Authority ® Double Mesh Snapback Sandwich Bill Cap,C818,Black/ Silver,OSFA,1,Vendor not assigned in Product Master; Decoration type not assigned in Product Master
#1500,,Port Authority ®  Double Mesh Snapback Sandwich Bill Cap. C818 - Black/ Shock Green / OSFA,Port Authority ® Double Mesh Snapback Sandwich Bill Cap,C818,Black/ Shock Green,OSFA,1,Vendor not assigned in Product Master; Decoration type not assigned in Product Master
#1500,,Port Authority ®  Double Mesh Snapback Sandwich Bill Cap. C818 - Black/ Shock Blue / OSFA,Port Authority ® Double Mesh Snapback Sandwich Bill Cap,C818,Black/ Shock Blue,OSFA,1,Vendor not assigned in Product Master; Decoration type not assigned in Product Master
#1500,,Port Authority ®  Double Mesh Snapback Sandwich Bill Cap. C818 - Black/ Red / OSFA,Port Authority ® Double Mesh Snapback Sandwich Bill Cap,C818,Black/ Red,OSFA,1,Vendor not assigned in Product Master; Decoration type not assigned in Product Master
#1500,,Carhartt ®  Rugged Flex ®  Rigby Cargo Pant CT103574 - Dark Khaki / 3834,Carhartt ® Rugged Flex ® Rigby Cargo Pant,CT103574,Dark Khaki,3834,1,Vendor not assigned in Product Master; Decoration type not assigned in Product Master
#1500,,Carhartt ®  Rugged Flex ®  Rigby Cargo Pant CT103574 - Black / 3834,Carhartt ® Rugged Flex ® Rigby Cargo Pant,CT103574,Black,3834,1,Vendor not assigned in Product Master; Decoration type not assigned in Product Master
#1500,,WRT20JH - Men's Wrangler Retro Relaxed Fit Boot Cut Jean - 38 / 34,,WRT20JH,Men's Wrangler Retro Relaxed Fit Boot Cut Jean - 38,34,1,Vendor not assigned in Product Master; Decoration type not assigned in Product Master
#1500,,NS849 - Wrangler ATG™ Men's Cliff Side Utility Pant - Bungee Cord / 38x34,,NS849,Wrangler ATG™ Men's Cliff Side Utility Pant - Bungee Cord,38x34,1,Vendor not assigned in Product Master; Decoration type not assigned in Product Master
#1500,,NS849 - Wrangler ATG™ Men's Cliff Side Utility Pant - Morel / 38x34,,NS849,Wrangler ATG™ Men's Cliff Side Utility Pant - Morel,38x34,1,Vendor not assigned in Product Master; Decoration type not assigned in Product Master
#1501,Water - Pumping Station,24/7 Original Tactical Pant Rip-Stop - Khaki / 40 / 34,24/7 Original Tactical Pant Rip-Stop - Khaki / 40,,,34,1,Style number and garment color could not be determined; Missing style number; Missing garment color; Decoration color not assigned in Product Master
#1501,,NS849 - Wrangler ATG™ Men's Cliff Side Utility Pant - Caviar / 40x34,,NS849,Wrangler ATG™ Men's Cliff Side Utility Pant - Caviar,40x34,2,Vendor not assigned in Product Master; Decoration type not assigned in Product Master
#1501,,WRT20JH - Men's Wrangler Retro Relaxed Fit Boot Cut Jean - 40 / 34,,WRT20JH,Men's Wrangler Retro Relaxed Fit Boot Cut Jean - 40,34,5,Vendor not assigned in Product Master; Decoration type not assigned in Product Master
#1501,,The North Face ®  Barr Lake Hooded Soft Shell Jacket NF0A8BUF - Shady Blue Dark Heather / 2XL,The North Face ® Barr Lake Hooded Soft Shell Jacket,NF0A8BUF,Shady Blue Dark Heather,2XL,1,Vendor not assigned in Product Master; Decoration type not assigned in Product Master
#1502,,Carhartt Force ®  Solid Short Sleeve Shirt CT105292 - Steel / XL,Carhartt Force ® Solid Short Sleeve Shirt,CT105292,Steel,XL,1,Vendor not assigned in Product Master; Decoration type not assigned in Product Master
#1502,,Carhartt Force ®  Solid Short Sleeve Shirt CT105292 - Dark Khaki / XL,Carhartt Force ® Solid Short Sleeve Shirt,CT105292,Dark Khaki,XL,1,Vendor not assigned in Product Master; Decoration type not assigned in Product Master
#1502,,Men's Deluxe Long Sleeve Cotton Coverall - Navy / XL,Men's Deluxe Long Sleeve Cotton Coverall - Navy,,,XL,2,Style number and garment color could not be determined; Missing style number; Missing garment color; Decoration color not assigned in Product Master
#1502,,A4 Cooling Performance Long Sleeve Hooded Tee A4N3409 - Silver / XL,A4 Cooling Performance Long Sleeve Hooded Tee,A4N3409,Silver,XL,1,Vendor not assigned in Product Master; Decoration type not assigned in Product Master
#1502,,A4 Cooling Performance Long Sleeve Hooded Tee A4N3409 - Scarlet / XL,A4 Cooling Performance Long Sleeve Hooded Tee,A4N3409,Scarlet,XL,1,Vendor not assigned in Product Master; Decoration type not assigned in Product Master
#1502,,A4 Cooling Performance Long Sleeve Hooded Tee A4N3409 - Royal / XL,A4 Cooling Performance Long Sleeve Hooded Tee,A4N3409,Royal,XL,1,Vendor not assigned in Product Master; Decoration type not assigned in Product Master
#1502,,A4 Cooling Performance Long Sleeve Hooded Tee A4N3409 - Pastel Mint / XL,A4 Cooling Performance Long Sleeve Hooded Tee,A4N3409,Pastel Mint,XL,1,Vendor not assigned in Product Master; Decoration type not assigned in Product Master
#1502,,A4 Cooling Performance Long Sleeve Hooded Tee A4N3409 - Pastel Blue / XL,A4 Cooling Performance Long Sleeve Hooded Tee,A4N3409,Pastel Blue,XL,1,Vendor not assigned in Product Master; Decoration type not assigned in Product Master
#1502,,A4 Cooling Performance Long Sleeve Hooded Tee A4N3409 - Navy / XL,A4 Cooling Performance Long Sleeve Hooded Tee,A4N3409,Navy,XL,1,Vendor not assigned in Product Master; Decoration type not assigned in Product Master
#1502,,A4 Cooling Performance Long Sleeve Hooded Tee A4N3409 - Graphite / XL,A4 Cooling Performance Long Sleeve Hooded Tee,A4N3409,Graphite,XL,1,Vendor not assigned in Product Master; Decoration type not assigned in Product Master
#1502,,A4 Cooling Performance Long Sleeve Hooded Tee A4N3409 - Black / XL,A4 Cooling Performance Long Sleeve Hooded Tee,A4N3409,Black,XL,1,Vendor not assigned in Product Master; Decoration type not assigned in Product Master
#1503,,NKDX6688 - Medium - Valor,,NKDX6688,Medium - Valor,,1,Vendor not assigned in Product Master; Decoration type not assigned in Product Master
#1503,,NKDX6688 - Medium - Cool Grey,,NKDX6688,Medium - Cool Grey,,1,Vendor not assigned in Product Master; Decoration type not assigned in Product Master
#1503,,B9203 - Large - Red/Black,,B9203,Large - Red/Black,,1,Vendor not assigned in Product Master; Decoration type not assigned in Product Master
#1503,,B9203 - Large - Grey/White,,B9203,Large - Grey/White,,1,Vendor not assigned in Product Master; Decoration type not assigned in Product Master
#1503,,B9203 - Large - Blue/Black,,B9203,Large - Blue/Black,,1,Vendor not assigned in Product Master; Decoration type not assigned in Product Master
#1504,Water Quality- R/C,Port Authority ®  Knit Cap.  CP90 - Athletic Oxford / OSFA,Port Authority ® Knit Cap,CP90,Athletic Oxford,OSFA,1,Decoration color not assigned in Product Master
#1504,,Richardson Trucker Cap 112 - Charcoal/ Columbia Blue / OSFA,Richardson Trucker Cap,112,Charcoal/ Columbia Blue,OSFA,1,Vendor not assigned in Product Master; Decoration type not assigned in Product Master
#1504,,WRT20JH - Men's Wrangler Retro Relaxed Fit Boot Cut Jean - 36 / 32,,WRT20JH,Men's Wrangler Retro Relaxed Fit Boot Cut Jean - 36,32,1,Vendor not assigned in Product Master; Decoration type not assigned in Product Master
#1504,,CornerStone ®  ANSI 107 Class 3 Long Sleeve Segmented Tape Hooded Tee CS208 - Safety Yellow / L,CornerStone ® ANSI 107 Class 3 Long Sleeve Segmented Tape Hooded Tee,CS208,Safety Yellow,L,3,Vendor not assigned in Product Master; Decoration type not assigned in Product Master
#1504,,Carhartt  ®  Rain Defender  ®  Paxton Heavyweight Hooded Sweatshirt. CT100615 - New Navy / M,Carhartt ® Rain Defender ® Paxton Heavyweight Hooded Sweatshirt,CT100615,New Navy,M,1,Vendor not assigned in Product Master; Decoration type not assigned in Product Master
#1504,,Carhartt ®  Gilliam Vest CT102286 - Shadow Grey / L,Carhartt ® Gilliam Vest,CT102286,Shadow Grey,L,1,Vendor not assigned in Product Master; Decoration type not assigned in Product Master
#1505,Water - R&C,Tru-Spec Pro Flex Pant - LE Green / 36 / 32,Tru-Spec Pro Flex Pant - LE Green / 36,,,32,1,Style number and garment color could not be determined; Missing style number; Missing garment color; Decoration color not assigned in Product Master
#1505,,Tru-Spec Pro Flex Pant - Khaki / 36 / 32,Tru-Spec Pro Flex Pant - Khaki / 36,,,32,1,Style number and garment color could not be determined; Missing style number; Missing garment color; Decoration color not assigned in Product Master
#1505,,A4 Cooling Performance Long Sleeve Hooded Tee A4N3409 - Silver / L,A4 Cooling Performance Long Sleeve Hooded Tee,A4N3409,Silver,L,1,Vendor not assigned in Product Master; Decoration type not assigned in Product Master
#1505,,Tru-Spec Agility Pant - Flat Dark Earth / 36 / 32,Tru-Spec Agility Pant - Flat Dark Earth / 36,,,32,1,Style number and garment color could not be determined; Missing style number; Missing garment color; Decoration color not assigned in Product Master
#1505,,Tru-Spec Agility Pant - Khaki / 36 / 32,Tru-Spec Agility Pant - Khaki / 36,,,32,1,Style number and garment color could not be determined; Missing style number; Missing garment color; Decoration color not assigned in Product Master
#1505,,TravisMathew Rad Flexback Cap. TM1MU426 - Quiet Shade Grey / L/XL,TravisMathew Rad Flexback Cap,TM1MU426,Quiet Shade Grey,L/XL,1,Vendor not assigned in Product Master; Decoration type not assigned in Product Master
#1505,,TravisMathew Rad Flexback Cap. TM1MU426 - Blue Nights / L/XL,TravisMathew Rad Flexback Cap,TM1MU426,Blue Nights,L/XL,1,Vendor not assigned in Product Master; Decoration type not assigned in Product Master
#1505,,Carhartt  ®  Rain Defender  ®  Paxton Heavyweight Hooded Zip Mock Sweatshirt. CT100617 - Carbon Heather / L,Carhartt ® Rain Defender ® Paxton Heavyweight Hooded Zip Mock Sweatshirt,CT100617,Carbon Heather,L,1,Vendor not assigned in Product Master; Decoration type not assigned in Product Master
#1505,,Port Authority ®  Outdoor Wide-Brim Hat. C920 - Sterling Grey / L/XL,Port Authority ® Outdoor Wide-Brim Hat,C920,Sterling Grey,L/XL,1,Vendor not assigned in Product Master; Decoration type not assigned in Product Master
#1505,,Port Authority ®  Outdoor Wide-Brim Hat. C920 - Stone / L/XL,Port Authority ® Outdoor Wide-Brim Hat,C920,Stone,L/XL,1,Vendor not assigned in Product Master; Decoration type not assigned in Product Master
#1505,,1104 - Ascent - LE Green - 36x32,,1104,Ascent - LE Green - 36x32,,1,Vendor not assigned in Product Master; Decoration type not assigned in Product Master
#1505,,1104 - Ascent - Khaki - 36x32,,1104,Ascent - Khaki - 36x32,,1,Vendor not assigned in Product Master; Decoration type not assigned in Product Master
#1505,,ST640LS - large - Silver,,ST640LS,large - Silver,,2,Vendor not assigned in Product Master; Decoration type not assigned in Product Master
#1505,,ST640LS - Large - Grey Heather,,ST640LS,Large - Grey Heather,,1,Vendor not assigned in Product Master; Decoration type not assigned in Product Master
#1505,,ST640LS - large - Royal,,ST640LS,large - Royal,,1,Vendor not assigned in Product Master; Decoration type not assigned in Product Master
#1505,,JT50- Large - Brown,,JT50,Large - Brown,,1,Vendor not assigned in Product Master; Decoration type not assigned in Product Master
#1506,Water Quality- R/C,Tru-Spec Pro Flex Pant - Khaki / 34 / 34,Tru-Spec Pro Flex Pant - Khaki / 34,,,34,1,Style number and garment color could not be determined; Missing style number; Missing garment color; Decoration color not assigned in Product Master
#1506,,Tru-Spec Pro Flex Pant - Khaki / 36 / 34,Tru-Spec Pro Flex Pant - Khaki / 36,,,34,1,Style number and garment color could not be determined; Missing style number; Missing garment color; Decoration color not assigned in Product Master
#1507,,02MCWST 32 x 30,,02MCWST,32 x 30,,3,Decoration type not assigned in Product Master
#1508,Water - Pumping Station,NS849 - Wrangler ATG™ Men's Cliff Side Utility Pant - Caviar / 32x30,,NS849,Wrangler ATG™ Men's Cliff Side Utility Pant - Caviar,32x30,1,Vendor not assigned in Product Master; Decoration type not assigned in Product Master
#1508,,NS849 - Wrangler ATG™ Men's Cliff Side Utility Pant - Blue Nights / 32x30,,NS849,Wrangler ATG™ Men's Cliff Side Utility Pant - Blue Nights,32x30,1,Vendor not assigned in Product Master; Decoration type not assigned in Product Master
#1508,,WRT20JH - Men's Wrangler Retro Relaxed Fit Boot Cut Jean - 31 / 30,,WRT20JH,Men's Wrangler Retro Relaxed Fit Boot Cut Jean - 31,30,2,Vendor not assigned in Product Master; Decoration type not assigned in Product Master
#1508,,01MWXDB - 31x30,01MWXDB,31X30,,,2,Garment color could not be determined; Missing garment color; Decoration type not assigned in Product Master
#1508,,STC40 - L/XL - Black/Black,,STC40,L/XL - Black/Black,,1,Vendor not assigned in Product Master; Decoration type not assigned in Product Master
#1508,,The North Face ®  Highest Peak Full-Zip Fleece Jacket NF0A8BUQ - TNF Black / L,The North Face ® Highest Peak Full-Zip Fleece Jacket,NF0A8BUQ,TNF Black,L,1,Vendor not assigned in Product Master; Decoration type not assigned in Product Master
#1508,,Port Authority ®  Outdoor Wide-Brim Hat. C920 - Sterling Grey / L/XL,Port Authority ® Outdoor Wide-Brim Hat,C920,Sterling Grey,L/XL,1,Vendor not assigned in Product Master; Decoration type not assigned in Product Master
#1509,Water Quality- R/C,Richardson 5-Panel Classic Rope Cap 258 - Red/ White / OSFA,Richardson,5-PANEL,Classic Rope Cap 258 - Red/ White,OSFA,1,Vendor not assigned in Product Master; Decoration type not assigned in Product Master
#1509,,Richardson 5-Panel Classic Rope Cap 258 - Black/ White / OSFA,Richardson,5-PANEL,Classic Rope Cap 258 - Black/ White,OSFA,1,Vendor not assigned in Product Master; Decoration type not assigned in Product Master
#1509,,New Era® Series Performance Long Sleeve Crew Tee - NEA201 - TEMP - Solid Black / Medium,New Era® Series Performance Long Sleeve Crew Tee,NEA201,TEMP - Solid Black,Medium,3,Vendor not assigned in Product Master; Decoration type not assigned in Product Master
#1509,,New Era® Series Performance Long Sleeve Crew Tee - NEA201 - TEMP - Graphite / Medium,New Era® Series Performance Long Sleeve Crew Tee,NEA201,TEMP - Graphite,Medium,3,Vendor not assigned in Product Master; Decoration type not assigned in Product Master
#1509,,Tru-Spec Agility Pant - Khaki / 30 / 34,Tru-Spec Agility Pant - Khaki / 30,,,34,1,Style number and garment color could not be determined; Missing style number; Missing garment color; Decoration color not assigned in Product Master
#1509,,Tru-Spec Agility Pant - Flat Dark Earth / 30 / 34,Tru-Spec Agility Pant - Flat Dark Earth / 30,,,34,1,Style number and garment color could not be determined; Missing style number; Missing garment color; Decoration color not assigned in Product Master
#1509,,Tru-Spec Agility Pant - Black / 30 / 34,Tru-Spec Agility Pant - Black / 30,,,34,2,Style number and garment color could not be determined; Missing style number; Missing garment color; Decoration color not assigned in Product Master
#1509,,3W060 - Wrangler® RIGGS Workwear® Ripstop Ranger Cargo Pant - Black / 30x34,,3W060,Wrangler® RIGGS Workwear® Ripstop Ranger Cargo Pant - Black,30x34,4,Vendor not assigned in Product Master; Decoration type not assigned in Product Master
#1509,,Carhartt ®  Washed Duck Active Jac. CT104050 - Black / M,Carhartt ® Washed Duck Active Jac,CT104050,Black,M,1,Vendor not assigned in Product Master; Decoration type not assigned in Product Master
#1509,,The North Face ®  Sleeve Logo Pullover Hoodie NF0A8AU0 - New Taupe Green Heather / M,The North Face ® Sleeve Logo Pullover Hoodie,NF0A8AU0,New Taupe Green Heather,M,1,Vendor not assigned in Product Master; Decoration type not assigned in Product Master
#1510,,874 - 38x36 - Khaki,874,38X36,Khaki,,2,Decoration type not assigned in Product Master
#1510,,874 - 38x36 - Silver,874,38X36,Silver,,1,Decoration type not assigned in Product Master
#1510,,2574 - 2XL - Khaki,,2574,2XL - Khaki,,2,Vendor not assigned in Product Master; Decoration type not assigned in Product Master
#1510,,2574 - 2XL - Silver,,2574,2XL - Silver,,1,Vendor not assigned in Product Master; Decoration type not assigned in Product Master
#1510,,LP22BK - Premium Industrial Multi-Use Pocket Pants - 38 / 36 / Black,,LP22BK,Premium Industrial Multi-Use Pocket Pants - 38 / 36,Black,1,Vendor not assigned in Product Master; Decoration type not assigned in Product Master
#1510,,Men's Short Sleeve Pro Airflow Work Shirt  - SP4A - Khaki / 2XL,Men's Short Sleeve Pro Airflow Work Shirt,SP4A,Khaki,2XL,1,Vendor not assigned in Product Master; Decoration type not assigned in Product Master
#1510,,PX62 - Khaki - 38x36,PX62 - Khaki,38X36,,,1,Garment color could not be determined; Missing garment color; Vendor not assigned in Product Master; Decoration type not assigned in Product Master
#1511,Water Quality- R/C,Richardson Trucker Cap 112 - Heather Grey/ Navy / OSFA,Richardson Trucker Cap,112,Heather Grey/ Navy,OSFA,1,Vendor not assigned in Product Master; Decoration type not assigned in Product Master
#1511,,WRT20JH - Men's Wrangler Retro Relaxed Fit Boot Cut Jean - 34 / 32,,WRT20JH,Men's Wrangler Retro Relaxed Fit Boot Cut Jean - 34,32,7,Vendor not assigned in Product Master; Decoration type not assigned in Product Master
#1511,,Men's Stretch Tech-Shell® Compass Quarter-Zip Pullover - DG440 - Dark Grey Heather / XL,Men's Stretch Tech-Shell® Compass Quarter-Zip Pullover,DG440,Dark Grey Heather,XL,1,Vendor not assigned in Product Master; Decoration type not assigned in Product Master
#1511,,The North Face ®  Skyline Full-Zip Fleece Jacket NF0A7V64 - Four Leaf Clover Heather / XL,The North Face ® Skyline Full-Zip Fleece Jacket,NF0A7V64,Four Leaf Clover Heather,XL,1,Vendor not assigned in Product Master; Decoration type not assigned in Product Master
#1512,Water Quality- R/C,Gildan ®  DryBlend ®  50 Cotton/50 Poly T-Shirt. 8000 - Sand / XL,Gildan ® DryBlend ® 50 Cotton/50 Poly T-Shirt,8000,Sand,XL,1,Vendor not assigned in Product Master; Decoration type not assigned in Product Master
#1512,,Gildan ®  - DryBlend ®  50 Cotton/50 Poly Long Sleeve T-Shirt. 8400 - Forest Green / XL,Gildan ®,DRYBLEND®50COTTON/50POLYLONGSLEEVET-SHIRT.8400,Forest Green,XL,1,Vendor not assigned in Product Master; Decoration type not assigned in Product Master
#1512,,Gildan ®  - DryBlend ®  50 Cotton/50 Poly Long Sleeve T-Shirt. 8400 - Maroon / XL,Gildan ®,DRYBLEND®50COTTON/50POLYLONGSLEEVET-SHIRT.8400,Maroon,XL,1,Vendor not assigned in Product Master; Decoration type not assigned in Product Master
#1513,,T223508TB - Xl - Team Blue,,T223508TB,Xl - Team Blue,,1,Vendor not assigned in Product Master; Decoration type not assigned in Product Master
#1513,,T223508TB - Xl - Red,,T223508TB,Xl - Red,,1,Vendor not assigned in Product Master; Decoration type not assigned in Product Master
#1513,,TravisMathew Onward Colorblock Polo TMA42774 - Balsam Green/ Black / XL,TravisMathew Onward Colorblock Polo,TMA42774,Balsam Green/ Black,XL,1,Decoration color not assigned in Product Master
#1513,,TravisMathew Glenview Stripe Polo TMA41462 - Laurel Green / XL,TravisMathew Glenview Stripe Polo,TMA41462,Laurel Green,XL,1,Vendor not assigned in Product Master; Decoration type not assigned in Product Master
#1513,,TravisMathew Glenview Solid Polo TMA41461 - Scooter Red / XL,TravisMathew Glenview Solid Polo,TMA41461,Scooter Red,XL,1,Vendor not assigned in Product Master; Decoration type not assigned in Product Master
#1513,,TravisMathew Cabana Chest Stripe Polo. TM1MU416 - Blue Nights / XL,TravisMathew Cabana Chest Stripe Polo,TM1MU416,Blue Nights,XL,1,Vendor not assigned in Product Master; Decoration type not assigned in Product Master
#1513,,TravisMathew Rad Flexback Cap. TM1MU426 - Black / L/XL,TravisMathew Rad Flexback Cap,TM1MU426,Black,L/XL,1,Vendor not assigned in Product Master; Decoration type not assigned in Product Master
#1513,,TravisMathew FOMO Novelty Cap. TM1MU425 - Black / OSFA,TravisMathew FOMO Novelty Cap,TM1MU425,Black,OSFA,1,Vendor not assigned in Product Master; Decoration type not assigned in Product Master
#1514,Water Quality- R/C,TravisMathew Rad Flexback Cap. TM1MU426 - Black / S/M,TravisMathew Rad Flexback Cap,TM1MU426,Black,S/M,1,Vendor not assigned in Product Master; Decoration type not assigned in Product Master
#1515,,Carhartt ®  Gilliam Vest CT102286 - Moss / XL,Carhartt ® Gilliam Vest,CT102286,Moss,XL,1,Vendor not assigned in Product Master; Decoration type not assigned in Product Master
#1515,,24/7 Original Tactical Pant Rip-Stop - Navy / 36 / 32,24/7 Original Tactical Pant Rip-Stop - Navy / 36,,,32,2,Style number and garment color could not be determined; Missing style number; Missing garment color; Decoration color not assigned in Product Master
#1515,,24/7 Original Tactical Pant Rip-Stop - Olive Drab / 36 / 32,24/7 Original Tactical Pant Rip-Stop - Olive Drab / 36,,,32,2,Style number and garment color could not be determined; Missing style number; Missing garment color; Decoration color not assigned in Product Master
#1515,,24/7 Original Tactical Pant Rip-Stop - Khaki / 36 / 32,24/7 Original Tactical Pant Rip-Stop - Khaki / 36,,,32,2,Style number and garment color could not be determined; Missing style number; Missing garment color; Decoration color not assigned in Product Master
#1515,,24/7 Original Tactical Pant Rip-Stop - Coyote / 36 / 32,24/7 Original Tactical Pant Rip-Stop - Coyote / 36,,,32,2,Style number and garment color could not be determined; Missing style number; Missing garment color; Decoration color not assigned in Product Master
#1516,,24/7 Original Tactical Pant Rip-Stop - Coyote / 34 / 34,24/7 Original Tactical Pant Rip-Stop - Coyote / 34,,,34,2,Style number and garment color could not be determined; Missing style number; Missing garment color; Decoration color not assigned in Product Master
#1516,,NS849 - Wrangler ATG™ Men's Cliff Side Utility Pant - Caviar / 34x34,,NS849,Wrangler ATG™ Men's Cliff Side Utility Pant - Caviar,34x34,1,Vendor not assigned in Product Master; Decoration type not assigned in Product Master
#1516,,NS849 - Wrangler ATG™ Men's Cliff Side Utility Pant - Dark Shadow / 34x34,,NS849,Wrangler ATG™ Men's Cliff Side Utility Pant - Dark Shadow,34x34,1,Vendor not assigned in Product Master; Decoration type not assigned in Product Master
#1516,,WRT20JH - Men's Wrangler Retro Relaxed Fit Boot Cut Jean - 34 / 34,,WRT20JH,Men's Wrangler Retro Relaxed Fit Boot Cut Jean - 34,34,1,Vendor not assigned in Product Master; Decoration type not assigned in Product Master
#1516,,District ®  Perfect Blend ®  CVC Tee. DM108 - Heathered Dusty Sage / XL,District ® Perfect Blend ® CVC Tee,DM108,Heathered Dusty Sage,XL,2,Vendor not assigned in Product Master; Decoration type not assigned in Product Master
#1516,,District ®  Perfect Blend ®  CVC Tee. DM108 - Deep Royal Fleck / XL,District ® Perfect Blend ® CVC Tee,DM108,Deep Royal Fleck,XL,2,Vendor not assigned in Product Master; Decoration type not assigned in Product Master
#1516,,The North Face ®  Sleeve Logo Pullover Hoodie NF0A8AU0 - New Taupe Green Heather / XL,The North Face ® Sleeve Logo Pullover Hoodie,NF0A8AU0,New Taupe Green Heather,XL,1,Vendor not assigned in Product Master; Decoration type not assigned in Product Master
#1516,,NKAH6266 - XL - Dark Grey,,NKAH6266,XL - Dark Grey,,1,Vendor not assigned in Product Master; Decoration type not assigned in Product Master
#1516,,The North Face ®  Sleeve Logo Pullover Hoodie NF0A8AU0 - TNF Medium Grey Heather / XL,The North Face ® Sleeve Logo Pullover Hoodie,NF0A8AU0,TNF Medium Grey Heather,XL,1,Vendor not assigned in Product Master; Decoration type not assigned in Product Master
#1517,,ST250 - Medium - Royal,,ST250,Medium - Royal,,1,Vendor not assigned in Product Master; Decoration type not assigned in Product Master
#1517,,110c - Hat - Navy,,110C,Hat - Navy,,2,Vendor not assigned in Product Master; Decoration type not assigned in Product Master
#1517,,S608 - Medium - Strong Blue,,S608,Medium - Strong Blue,,1,Vendor not assigned in Product Master; Decoration type not assigned in Product Master
#1517,,S608 - Medium - Burgundy,,S608,Medium - Burgundy,,1,Vendor not assigned in Product Master; Decoration type not assigned in Product Master
#1517,,MQK00096 - Medium - Cardinal Heather,,MQK00096,Medium - Cardinal Heather,,1,Vendor not assigned in Product Master; Decoration type not assigned in Product Master
#1517,,MQK00096 - Medium - Bottle Green Heather,,MQK00096,Medium - Bottle Green Heather,,1,Vendor not assigned in Product Master; Decoration type not assigned in Product Master
#1517,,MQK00096 - Medium - Blue Heather,,MQK00096,Medium - Blue Heather,,1,Vendor not assigned in Product Master; Decoration type not assigned in Product Master
#1517,,Richardson Laser Perf Performance Rope Cap 355 - Light Olive/ Olive / OSFA,Richardson Laser Perf Performance Rope Cap,355,Light Olive/ Olive,OSFA,1,Vendor not assigned in Product Master; Decoration type not assigned in Product Master
#1517,,Richardson Laser Perf Performance Rope Cap 355 - Dark Loden/ Tannin Grey / OSFA,Richardson Laser Perf Performance Rope Cap,355,Dark Loden/ Tannin Grey,OSFA,1,Vendor not assigned in Product Master; Decoration type not assigned in Product Master
#1517,,Richardson Pro Twill Snapback 212 - Maroon / SM,Richardson Pro Twill Snapback,212,Maroon,SM,1,Vendor not assigned in Product Master; Decoration type not assigned in Product Master
#1517,,BELLA+CANVAS  ®  Unisex Heather CVC Short Sleeve Tee. BC3001CVC - Heather Sunset / M,BELLA+CANVAS ® Unisex Heather CVC Short Sleeve Tee,BC3001CVC,Heather Sunset,M,2,Vendor not assigned in Product Master; Decoration type not assigned in Product Master
#1517,,BELLA+CANVAS  ®  Unisex Heather CVC Short Sleeve Tee. BC3001CVC - Solid Red Blend / M,BELLA+CANVAS ® Unisex Heather CVC Short Sleeve Tee,BC3001CVC,Solid Red Blend,M,2,Vendor not assigned in Product Master; Decoration type not assigned in Product Master
#1517,,BELLA+CANVAS  ®  Unisex Heather CVC Short Sleeve Tee. BC3001CVC - Solid True Royal Blend / M,BELLA+CANVAS ® Unisex Heather CVC Short Sleeve Tee,BC3001CVC,Solid True Royal Blend,M,3,Vendor not assigned in Product Master; Decoration type not assigned in Product Master
#1517,,BELLA+CANVAS  ®  Unisex Heather CVC Short Sleeve Tee. BC3001CVC - Heather Grass Green / M,BELLA+CANVAS ® Unisex Heather CVC Short Sleeve Tee,BC3001CVC,Heather Grass Green,M,2,Vendor not assigned in Product Master; Decoration type not assigned in Product Master
#1517,,NS849 - Wrangler ATG™ Men's Cliff Side Utility Pant - Blue Nights / 34x30,,NS849,Wrangler ATG™ Men's Cliff Side Utility Pant - Blue Nights,34x30,2,Vendor not assigned in Product Master; Decoration type not assigned in Product Master
#1517,,NS849 - Wrangler ATG™ Men's Cliff Side Utility Pant - Sea Turtle / 34x30,,NS849,Wrangler ATG™ Men's Cliff Side Utility Pant - Sea Turtle,34x30,2,Vendor not assigned in Product Master; Decoration type not assigned in Product Master
#1518,,Port Authority ®  Flexfit ®  Cotton Twill Cap. C813 - True Red / L/XL,Port Authority ® Flexfit ® Cotton Twill Cap,C813,True Red,L/XL,1,Vendor not assigned in Product Master; Decoration type not assigned in Product Master
#1518,,Port Authority ®  Flexfit ®  Cotton Twill Cap. C813 - Maroon / L/XL,Port Authority ® Flexfit ® Cotton Twill Cap,C813,Maroon,L/XL,1,Vendor not assigned in Product Master; Decoration type not assigned in Product Master
#1518,,Port Authority ®  Flexfit ®  Cotton Twill Cap. C813 - Kelly Green / L/XL,Port Authority ® Flexfit ® Cotton Twill Cap,C813,Kelly Green,L/XL,1,Vendor not assigned in Product Master; Decoration type not assigned in Product Master
#1518,,Port Authority ®  Flexfit ®  Cotton Twill Cap. C813 - Orange / L/XL,Port Authority ® Flexfit ® Cotton Twill Cap,C813,Orange,L/XL,1,Vendor not assigned in Product Master; Decoration type not assigned in Product Master
#1518,,Port Authority ®  Flexfit ®  Cotton Twill Cap. C813 - Forest Green / L/XL,Port Authority ® Flexfit ® Cotton Twill Cap,C813,Forest Green,L/XL,1,Vendor not assigned in Product Master; Decoration type not assigned in Product Master
#1518,,Nike Dri-FIT Vertical Mesh Polo. 637167 - Old Royal / 2XL,Nike Dri-FIT Vertical Mesh Polo,637167,Old Royal,2XL,1,Vendor not assigned in Product Master; Decoration type not assigned in Product Master
#1518,,24/7 Original Tactical Pant Rip-Stop - Charcoal / 40 / 30,24/7 Original Tactical Pant Rip-Stop - Charcoal / 40,,,30,1,Style number and garment color could not be determined; Missing style number; Missing garment color; Decoration color not assigned in Product Master
#1518,,24/7 Original Tactical Pant Rip-Stop - Coyote / 40 / 30,24/7 Original Tactical Pant Rip-Stop - Coyote / 40,,,30,1,Style number and garment color could not be determined; Missing style number; Missing garment color; Decoration color not assigned in Product Master
#1518,,WRT20JH - Men's Wrangler Retro Relaxed Fit Boot Cut Jean - 40 / 30,,WRT20JH,Men's Wrangler Retro Relaxed Fit Boot Cut Jean - 40,30,1,Vendor not assigned in Product Master; Decoration type not assigned in Product Master
#1518,,Richardson Lite Wide Brim Hat 810 - Black / OSFA,Richardson Lite Wide Brim Hat,810,Black,OSFA,1,Vendor not assigned in Product Master; Decoration type not assigned in Product Master
#1520,,CornerStone ®  ANSI 107 Class 3 Long Sleeve Segmented Tape Hooded Tee CS208 - Safety Yellow / XL,CornerStone ® ANSI 107 Class 3 Long Sleeve Segmented Tape Hooded Tee,CS208,Safety Yellow,XL,1,Vendor not assigned in Product Master; Decoration type not assigned in Product Master
#1520,,Brooks Brothers ®  Tech Stretch Patterned Shirt BB18006 - Charter Blue Check / XL,Brooks Brothers ® Tech Stretch Patterned Shirt,BB18006,Charter Blue Check,XL,1,Vendor not assigned in Product Master; Decoration type not assigned in Product Master
#1520,,Brooks Brothers ®  Tech Stretch Patterned Shirt BB18006 - White/ Newport Blue Grid Check / XL,Brooks Brothers ® Tech Stretch Patterned Shirt,BB18006,White/ Newport Blue Grid Check,XL,1,Vendor not assigned in Product Master; Decoration type not assigned in Product Master
#1521,,Gildan ®  - Ultra Cotton ®  100% US Cotton Long Sleeve T-Shirt with Pocket.  2410 - Navy / XL,Gildan ®,ULTRACOTTON®100%USCOTTONLONGSLEEVET-SHIRTWITHPOCKET.2410,Navy,XL,2,Vendor not assigned in Product Master; Decoration type not assigned in Product Master
#1521,,Gildan ®  - Ultra Cotton ®  100% US Cotton Long Sleeve T-Shirt with Pocket.  2410 - Sport Grey / XL,Gildan ®,ULTRACOTTON®100%USCOTTONLONGSLEEVET-SHIRTWITHPOCKET.2410,Sport Grey,XL,2,Vendor not assigned in Product Master; Decoration type not assigned in Product Master
#1521,,Gildan ®  - Ultra Cotton ®  100% US Cotton Long Sleeve T-Shirt with Pocket.  2410 - Safety Green / XL,Gildan ®,ULTRACOTTON®100%USCOTTONLONGSLEEVET-SHIRTWITHPOCKET.2410,Safety Green,XL,2,Vendor not assigned in Product Master; Decoration type not assigned in Product Master
#1521,,Gildan ®  - Ultra Cotton ®  100% US Cotton T-Shirt with Pocket.  2300 - Safety Green / XL,Gildan ®,ULTRACOTTON®100%USCOTTONT-SHIRTWITHPOCKET.2300,Safety Green,XL,2,Vendor not assigned in Product Master; Decoration type not assigned in Product Master
#1521,,Gildan ®  - Ultra Cotton ®  100% US Cotton T-Shirt with Pocket.  2300 - Navy / XL,Gildan ®,ULTRACOTTON®100%USCOTTONT-SHIRTWITHPOCKET.2300,Navy,XL,2,Vendor not assigned in Product Master; Decoration type not assigned in Product Master
#1521,,Gildan ®  - Ultra Cotton ®  100% US Cotton T-Shirt with Pocket.  2300 - Light Blue / XL,Gildan ®,ULTRACOTTON®100%USCOTTONT-SHIRTWITHPOCKET.2300,Light Blue,XL,2,Vendor not assigned in Product Master; Decoration type not assigned in Product Master
#1521,,Gildan ®  - Ultra Cotton ®  100% US Cotton T-Shirt with Pocket.  2300 - Black / XL,Gildan ®,ULTRACOTTON®100%USCOTTONT-SHIRTWITHPOCKET.2300,Black,XL,2,Vendor not assigned in Product Master; Decoration type not assigned in Product Master
#1521,,Gildan ®  - Ultra Cotton ®  100% US Cotton T-Shirt with Pocket.  2300 - Ash / XL,Gildan ®,ULTRACOTTON®100%USCOTTONT-SHIRTWITHPOCKET.2300,Ash,XL,2,Vendor not assigned in Product Master; Decoration type not assigned in Product Master
#1521,,3W060 - Wrangler® RIGGS Workwear® Ripstop Ranger Cargo Pant - Bark / 33x34,,3W060,Wrangler® RIGGS Workwear® Ripstop Ranger Cargo Pant - Bark,33x34,2,Vendor not assigned in Product Master; Decoration type not assigned in Product Master
#1521,,3W060 - Wrangler® RIGGS Workwear® Ripstop Ranger Cargo Pant - Navy / 33x34,,3W060,Wrangler® RIGGS Workwear® Ripstop Ranger Cargo Pant - Navy,33x34,2,Vendor not assigned in Product Master; Decoration type not assigned in Product Master
#1521,,3W060 - Wrangler® RIGGS Workwear® Ripstop Ranger Cargo Pant - Loden / 33x34,,3W060,Wrangler® RIGGS Workwear® Ripstop Ranger Cargo Pant - Loden,33x34,2,Vendor not assigned in Product Master; Decoration type not assigned in Product Master
#1522,,Richardson Lite Wide Brim Hat 810 - Royal / OSFA,Richardson Lite Wide Brim Hat,810,Royal,OSFA,1,Vendor not assigned in Product Master; Decoration type not assigned in Product Master
#1522,,WRT20JH - Men's Wrangler Retro Relaxed Fit Boot Cut Jean - 38 / 32,,WRT20JH,Men's Wrangler Retro Relaxed Fit Boot Cut Jean - 38,32,2,Vendor not assigned in Product Master; Decoration type not assigned in Product Master
#1522,,Gildan ®  - Ultra Cotton ®  100% US Cotton Long Sleeve T-Shirt with Pocket.  2410 - Sport Grey / 2XL,Gildan ®,ULTRACOTTON®100%USCOTTONLONGSLEEVET-SHIRTWITHPOCKET.2410,Sport Grey,2XL,1,Vendor not assigned in Product Master; Decoration type not assigned in Product Master
#1522,,Gildan ®  - Ultra Cotton ®  100% US Cotton Long Sleeve T-Shirt with Pocket.  2410 - Safety Green / 2XL,Gildan ®,ULTRACOTTON®100%USCOTTONLONGSLEEVET-SHIRTWITHPOCKET.2410,Safety Green,2XL,1,Vendor not assigned in Product Master; Decoration type not assigned in Product Master
#1522,,Gildan ®  - Ultra Cotton ®  100% US Cotton Long Sleeve T-Shirt with Pocket.  2410 - S. Orange / 2XL,Gildan ®,ULTRACOTTON®100%USCOTTONLONGSLEEVET-SHIRTWITHPOCKET.2410,S. Orange,2XL,1,Vendor not assigned in Product Master; Decoration type not assigned in Product Master
#1522,,Gildan ®  - Ultra Cotton ®  100% US Cotton Long Sleeve T-Shirt with Pocket.  2410 - Navy / 2XL,Gildan ®,ULTRACOTTON®100%USCOTTONLONGSLEEVET-SHIRTWITHPOCKET.2410,Navy,2XL,1,Vendor not assigned in Product Master; Decoration type not assigned in Product Master
#1522,,Gildan ®  - Ultra Cotton ®  100% US Cotton Long Sleeve T-Shirt with Pocket.  2410 - Black / 2XL,Gildan ®,ULTRACOTTON®100%USCOTTONLONGSLEEVET-SHIRTWITHPOCKET.2410,Black,2XL,1,Vendor not assigned in Product Master; Decoration type not assigned in Product Master
#1522,,Gildan ®  - Ultra Cotton ®  100% US Cotton T-Shirt with Pocket.  2300 - Sand / 2XL,Gildan ®,ULTRACOTTON®100%USCOTTONT-SHIRTWITHPOCKET.2300,Sand,2XL,2,Vendor not assigned in Product Master; Decoration type not assigned in Product Master
#1522,,Gildan ®  - Ultra Cotton ®  100% US Cotton T-Shirt with Pocket.  2300 - S. Orange / 2XL,Gildan ®,ULTRACOTTON®100%USCOTTONT-SHIRTWITHPOCKET.2300,S. Orange,2XL,2,Vendor not assigned in Product Master; Decoration type not assigned in Product Master
#1522,,Gildan ®  - Ultra Cotton ®  100% US Cotton T-Shirt with Pocket.  2300 - Light Blue / 2XL,Gildan ®,ULTRACOTTON®100%USCOTTONT-SHIRTWITHPOCKET.2300,Light Blue,2XL,2,Vendor not assigned in Product Master; Decoration type not assigned in Product Master
#1522,,Gildan ®  - Ultra Cotton ®  100% US Cotton T-Shirt with Pocket.  2300 - Ash / 2XL,Gildan ®,ULTRACOTTON®100%USCOTTONT-SHIRTWITHPOCKET.2300,Ash,2XL,2,Vendor not assigned in Product Master; Decoration type not assigned in Product Master
#1522,,NS849 - Wrangler ATG™ Men's Cliff Side Utility Pant - Blue Nights / 38x30,,NS849,Wrangler ATG™ Men's Cliff Side Utility Pant - Blue Nights,38x30,2,Vendor not assigned in Product Master; Decoration type not assigned in Product Master
#1522,,NS849 - Wrangler ATG™ Men's Cliff Side Utility Pant - Bungee Cord / 38x30,,NS849,Wrangler ATG™ Men's Cliff Side Utility Pant - Bungee Cord,38x30,2,Vendor not assigned in Product Master; Decoration type not assigned in Product Master
