Product Name,Style Number,Garment Color,Vendor,Decoration Type,Decoration Color
24/7 Original Tactical Pant Rip-Stop - Black / 54,,,Tru-Spec,,
24/7 Original Tactical Pant Rip-Stop - Charcoal / 40,,,Tru-Spec,,
24/7 Original Tactical Pant Rip-Stop - Coyote / 34,,,,,
24/7 Original Tactical Pant Rip-Stop - Coyote / 36,,,,,
24/7 Original Tactical Pant Rip-Stop - Coyote / 40,,,,,
24/7 Original Tactical Pant Rip-Stop - Navy / 36,,,,,
24/7 Original Tactical Pant Rip-Stop - Olive Drab / 36,,,,,
Men's Deluxe Long Sleeve Cotton Coverall - Navy,,,,,
Straw Hat,,,Outdoor Cap,Embroidery,
Tru-Spec Agility Pant - Black / 30,,,,,
Tru-Spec Agility Pant - Flat Dark Earth / 30,,,,,
Tru-Spec Agility Pant - Flat Dark Earth / 36,,,,,
Tru-Spec Pro Flex Pant - LE Green / 36,,,,,
,02MCWST,32 x 30,Wrangler,,
1104,1104,Ascent,,,
110C,110C,Hat,,,
Richardson Trucker Cap,112,Charcoal/ Columbia Blue,,,
Richardson Trucker Cap,112,Heather Grey/ Navy,,,
Richardson Pro Twill Snapback,212,Maroon,,,
Men's PFG Bahama™ II Short Sleeve Shirt,212464,Fossil,S&S Activewear,Embroidery,Black
Bora Bora™ Booney,212477,Fossil,S&S Activewear,Embroidery,Black
Bora Bora™ Booney,212477,Grill,S&S Activewear,Embroidery,Silver
Bora Bora™ Booney,212477,Sage,S&S Activewear,Embroidery,Black
2XL,2574,KHAKI,,,
Richardson 5-Panel Classic Rope Cap,258,Black/ White,,,
Richardson 5-Panel Classic Rope Cap,258,Red/ White,,,
2574,2XL,Khaki,VF,Embroidery,Black
2574,2XL,Silver,VF,Embroidery,Black
NKDC2109,2XL,Navy,,,
NKDC2115,2XL,Team Red,,,
NKFQ4792,2XL,University Blue,,,
ST660,2XL,Orange,,,
01MWXDB,31X30,,Wrangler,,
Dickies Short Sleeve Coverall,3339DN,Navy,VF,Embroidery,White
35001AI,35001AI,Wrangler Rugged Wear Relaxed Fit Jean,,,
Richardson Laser Perf Performance Rope Cap,355,Dark Loden/ Tannin Grey,,,
Richardson Laser Perf Performance Rope Cap,355,Light Olive/ Olive,,,
874,38X36,Khaki,VF,,
874,38X36,Silver,VF,,
3W060,3W060,Wrangler® RIGGS Workwear® Ripstop Ranger Cargo Pant,,,
Richardson,5-PANEL,Classic Rope Cap 258 - Black/ White,,,
Richardson,5-PANEL,Classic Rope Cap 258 - Red/ White,,,
Men's Challenger Full-Zip Jacket,5302,Grey,S&S Activewear,Embroidery,Black
Men's Challenger Full-Zip Jacket,5302,Saddle,S&S Activewear,Embroidery,Black
Men's Motion Soft Shell Jacket,5350,Charcoal,S&S Activewear,Embroidery,Silver
Men's Motion Soft Shell Jacket,5350,Deep Blue/ Charcoal,S&S Activewear,Embroidery,Silver
Men's Motion Soft Shell Jacket,5350,Saddle,S&S Activewear,Embroidery,Black
NU® Cap,6100NU,Black,SanMar,Embroidery,White
Cotton Blend Cap,6277,Grey,S&S Activewear,Embroidery,Silver
Cotton Blend Cap,6277,Khaki,S&S Activewear,Embroidery,Black
Cotton Blend Cap,6277,Maroon,S&S Activewear,Embroidery,Silver
Cotton Blend Cap,6277,Navy,S&S Activewear,Embroidery,Silver
Nike Dri-FIT Vertical Mesh Polo,637167,Old Royal,,,
Trucker Cap,6511,Black,S&S Activewear,Embroidery,Silver
Trucker Cap,6511,Caramel,S&S Activewear,Embroidery,Black
Trucker Cap,6511,Charcoal,S&S Activewear,Embroidery,Silver
,6572,Navy or Black,S&S Activewear,Embroidery,Silver
PC78ZH,6XL,Navy,,,
Gildan ® DryBlend ® 50 Cotton/50 Poly T-Shirt,8000,Sand,,,
Richardson Lite Wide Brim Hat,810,Black,,,
Richardson Lite Wide Brim Hat,810,Royal,,,
Men's Tall Pinnacle Performance Long Sleeve Piqué Polo,88192T,Carbon,S&S Activewear,Embroidery,Silver
Men's Tall Pinnacle Performance Long Sleeve Piqué Polo,88192T,Classic Navy,S&S Activewear,Embroidery,Silver
Men's Ultimate365 Wind Quarter-Zip Pullover,A2027,Black,S&S Activewear,Embroidery,Silver
A4 Cooling Performance Long Sleeve Hooded Tee,A4N3409,Black,,,
A4 Cooling Performance Long Sleeve Hooded Tee,A4N3409,Graphite,,,
A4 Cooling Performance Long Sleeve Hooded Tee,A4N3409,Navy,,,
A4 Cooling Performance Long Sleeve Hooded Tee,A4N3409,Pastel Blue,,,
A4 Cooling Performance Long Sleeve Hooded Tee,A4N3409,Pastel Mint,,,
A4 Cooling Performance Long Sleeve Hooded Tee,A4N3409,Royal,,,
A4 Cooling Performance Long Sleeve Hooded Tee,A4N3409,Scarlet,,,
A4 Cooling Performance Long Sleeve Hooded Tee,A4N3409,Silver,,,
B9203,B9203,Large,,,
Brooks Brothers ® Tech Stretch Patterned Shirt,BB18006,Charter Blue Check,,,
Brooks Brothers ® Tech Stretch Patterned Shirt,BB18006,White/ Newport Blue Grid Check,,,
BELLA+CANVAS ® Unisex Heather CVC Short Sleeve Tee,BC3001CVC,Heather Grass Green,,,
BELLA+CANVAS ® Unisex Heather CVC Short Sleeve Tee,BC3001CVC,Heather Sunset,,,
BELLA+CANVAS ® Unisex Heather CVC Short Sleeve Tee,BC3001CVC,Solid Red Blend,,,
BELLA+CANVAS ® Unisex Heather CVC Short Sleeve Tee,BC3001CVC,Solid True Royal Blend,,,
,BCK01127,XL Tall Atlas,Cutter & Buck,Embroidery,Black
Tru-Spec Agility Pant,BLACK/30/34,,,,
24/7 Original Tactical Pant Rip-Stop,BLACK/54/UH,,,,
Port Authority ® Flexfit ® Cotton Twill Cap,C813,Forest Green,,,
Port Authority ® Flexfit ® Cotton Twill Cap,C813,Kelly Green,,,
Port Authority ® Flexfit ® Cotton Twill Cap,C813,Maroon,,,
Port Authority ® Flexfit ® Cotton Twill Cap,C813,Orange,,,
Port Authority ® Flexfit ® Cotton Twill Cap,C813,True Red,,,
Port Authority ® Double Mesh Snapback Sandwich Bill Cap,C818,Black/ Red,,,
Port Authority ® Double Mesh Snapback Sandwich Bill Cap,C818,Black/ Shock Blue,,,
Port Authority ® Double Mesh Snapback Sandwich Bill Cap,C818,Black/ Shock Green,,,
Port Authority ® Double Mesh Snapback Sandwich Bill Cap,C818,Black/ Silver,,,
Port Authority ® Outdoor Wide-Brim Hat,C920,Sterling Grey,,,
Port Authority ® Outdoor Wide-Brim Hat,C920,Stone,,,
24/7 Original Tactical Pant Rip-Stop,CHARCOAL/40/30,,,,
24/7 Original Tactical Pant Rip-Stop,COYOTE/34/34,,,,
24/7 Original Tactical Pant Rip-Stop,COYOTE/36/32,,,,
24/7 Original Tactical Pant Rip-Stop,COYOTE/40/30,,,,
Port Authority ® Knit Cap,CP90,Athletic Oxford,SanMar,Embroidery,
Port Authority ® Knit Cap,CP90,Neon Orange,,,
CornerStone ® ANSI 107 Class 3 Long Sleeve Segmented Tape Hooded Tee,CS208,Safety Yellow,,,
CornerStone ® Select Lightweight Snag-Proof Enhanced Visibility Polo,CS423,Safety Yellow/ Black,,,
Carhartt ® Rain Defender ® Paxton Heavyweight Hooded Sweatshirt,CT100615,New Navy,,,
Carhartt ® Rain Defender ® Paxton Heavyweight Hooded Zip Mock Sweatshirt,CT100617,Carbon Heather,,,
Carhartt ® Gilliam Vest,CT102286,Moss,,,
Carhartt ® Gilliam Vest,CT102286,Shadow Grey,,,
Carhartt ® Rugged Flex ® Rigby Cargo Pant,CT103574,Black,,,
Carhartt ® Rugged Flex ® Rigby Cargo Pant,CT103574,Dark - KHAKI,,,
Carhartt ® Rugged Flex ® Rigby Cargo Pant,CT103574,Dark Khaki,,,
Carhartt ® Washed Duck Active Jac,CT104050,Black,,,
Carhartt Force ® Solid Short Sleeve Shirt,CT105292,Dark - KHAKI,,,
Carhartt Force ® Solid Short Sleeve Shirt,CT105292,Dark Khaki,,,
Carhartt Force ® Solid Short Sleeve Shirt,CT105292,Steel,,,
Men's Stretch Tech-Shell® Compass Quarter-Zip Pullover,DG440,Dark Grey Heather,,,
District ® Perfect Blend ® CVC Tee,DM108,Deep Royal Fleck,,,
District ® Perfect Blend ® CVC Tee,DM108,Heathered Dusty Sage,,,
Gildan ®,DRYBLEND®50COTTON/50POLYLONGSLEEVET-SHIRT.8400,Forest Green,,,
Gildan ®,DRYBLEND®50COTTON/50POLYLONGSLEEVET-SHIRT.8400,Maroon,,,
Tru-Spec Agility Pant,FLATDARKEARTH/30/34,,,,
Tru-Spec Agility Pant,FLATDARKEARTH/36/32,,,,
Port Authority ® Outdoor Wide-Brim,HAT,. C920 - Sterling Grey,,,
Port Authority ® Outdoor Wide-Brim,HAT,. C920 - Stone,,,
Richardson Lite Wide Brim,HAT,810 - Black,,,
Richardson Lite Wide Brim,HAT,810 - Royal,,,
Straw,HAT,,,,
,JT50,Large - Brown,,,
24/7 Original Tactical Pant Rip-Stop,KHAKI,36,,,
24/7 Original Tactical Pant Rip-Stop,KHAKI,40,,,
Tru-Spec Agility Pant,KHAKI,30,,,
Tru-Spec Pro Flex Pant,KHAKI,34,,,
Tru-Spec Agility Pant,KHAKI/30/34,,,,
Tru-Spec Pro Flex Pant,KHAKI/34/34,,,,
24/7 Original Tactical Pant Rip-Stop,KHAKI/36/32,,,,
Tru-Spec Pro Flex Pant,KHAKI/36/34,,,,
24/7 Original Tactical Pant Rip-Stop,KHAKI/40/34,,,,
Tru-Spec Pro Flex Pant,LEGREEN/36/32,,,,
LP22BK,LP22BK,Premium Industrial Multi-Use Pocket Pants,,,
,LQO00053,Large Fog,Cutter & Buck,Embroidery,Black
LQO00053,LQO00053,LARGE,,,
MQK00096,MQK00096,Medium,,,
24/7 Original Tactical Pant Rip-Stop,NAVY/36/32,,,,
Men's Deluxe Long Sleeve Cotton Coverall,NAVY/XL,,,,
New Era® Series Performance Long Sleeve Crew Tee,NEA201,TEMP - Graphite,,,
New Era® Series Performance Long Sleeve Crew Tee,NEA201,TEMP - Solid Black,,,
The North Face ® Skyline Full-Zip Fleece Jacket,NF0A7V64,Four Leaf Clover Heather,,,
The North Face ® Sleeve Logo Pullover Hoodie,NF0A8AU0,New Taupe Green Heather,,,
The North Face ® Sleeve Logo Pullover Hoodie,NF0A8AU0,TNF - MEDIUM,,,
The North Face ® Sleeve Logo Pullover Hoodie,NF0A8AU0,TNF Medium Grey Heather,,,
The North Face ® Barr Lake Hooded Soft Shell Jacket,NF0A8BUF,Shady Blue Dark Heather,,,
The North Face ® Highest Peak Full-Zip Fleece Jacket,NF0A8BUQ,TNF Black,,,
,NKDC2109,2XL Navy,SanMar,Embroidery,Silver
,NKDC2115,2XL Team Red,SanMar,Embroidery,Silver
NKDX6688,NKDX6688,Medium,,,
,NKFQ4792,2XL University Blue,SanMar,Embroidery,Black
NS849,NS849,Wrangler ATG™ Men's Cliff Side Utility Pant,,,
24/7 Original Tactical Pant Rip-Stop,OLIVEDRAB/36/32,,,,
,PC78ZH,6XL Navy,SanMar,Screen Print,White
PX62,PX62,Khaki,,,
,RA7110SS,Large Grey,SanMar,Screen Print,Black
,RA7110SS,Large Royal,SanMar,Screen Print,White
RA7110SS,RA7110SS,LARGE,,,
S608,S608,Medium,,,
Men's Short Sleeve Pro Airflow Work Shirt,SP4A,KHAKI,,,
ST250,ST250,Medium,,,
ST640LS,ST640LS,Large,,,
,ST660,2XL Orange,SanMar,Embroidery,Black
STC40,STC40,L/XL,,,
TravisMathew Cabana Chest Stripe Polo,TM1MU416,Blue Nights,,,
TravisMathew FOMO Novelty Cap,TM1MU425,Black,,,
TravisMathew Rad Flexback Cap,TM1MU426,Black,,,
TravisMathew Rad Flexback Cap,TM1MU426,Blue Nights,,,
TravisMathew Rad Flexback Cap,TM1MU426,Quiet Shade Grey,,,
TravisMathew Glenview Solid Polo,TMA41461,Scooter Red,,,
TravisMathew Glenview Stripe Polo,TMA41462,Laurel Green,,,
TravisMathew Onward Colorblock Polo,TMA42774,Balsam Green/ Black,SanMar,Embroidery,
Gildan ®,ULTRACOTTON®100%USCOTTONLONGSLEEVET-SHIRTWITHPOCKET.2410,Black,,,
Gildan ®,ULTRACOTTON®100%USCOTTONLONGSLEEVET-SHIRTWITHPOCKET.2410,Navy,,,
Gildan ®,ULTRACOTTON®100%USCOTTONLONGSLEEVET-SHIRTWITHPOCKET.2410,S. Orange,,,
Gildan ®,ULTRACOTTON®100%USCOTTONLONGSLEEVET-SHIRTWITHPOCKET.2410,Safety Green,,,
Gildan ®,ULTRACOTTON®100%USCOTTONLONGSLEEVET-SHIRTWITHPOCKET.2410,Sport Grey,,,
Gildan ®,ULTRACOTTON®100%USCOTTONT-SHIRTWITHPOCKET.2300,Ash,,,
Gildan ®,ULTRACOTTON®100%USCOTTONT-SHIRTWITHPOCKET.2300,Black,,,
Gildan ®,ULTRACOTTON®100%USCOTTONT-SHIRTWITHPOCKET.2300,Light Blue,,,
Gildan ®,ULTRACOTTON®100%USCOTTONT-SHIRTWITHPOCKET.2300,Navy,,,
Gildan ®,ULTRACOTTON®100%USCOTTONT-SHIRTWITHPOCKET.2300,S. Orange,,,
Gildan ®,ULTRACOTTON®100%USCOTTONT-SHIRTWITHPOCKET.2300,Safety Green,,,
Gildan ®,ULTRACOTTON®100%USCOTTONT-SHIRTWITHPOCKET.2300,Sand,,,
WRT20JH,WRT20JH,Men's Wrangler Retro Relaxed Fit Boot Cut Jean,,,
BCK01127,XL,Tall Atlas,,,
NKAH6266,XL,Dark Grey,,,
T223508TB,XL,Red,,,
T223508TB,XL,Team Blue,,,
